{
  "position": {
    "x": -12.009432784206703,
    "y": 0.9999253952647811,
    "z": 20.121722978440353
  },
  "stats": {
    "hp": 63,
    "stamina": 100
  },
  "story": {
    "state": "PLAYING"
  },
  "world": {
    "time": 0,
    "fog": [],
    "towers": {}
  },
  "timestamp": 1765065596456
}