{
  "position": {
    "x": -9.754450502439052,
    "y": 1.8570797784121638,
    "z": 6.95303398003675
  },
  "stats": {
    "hp": 63,
    "stamina": 100
  },
  "story": {
    "state": "PLAYING"
  },
  "world": {
    "time": 0,
    "fog": [],
    "towers": {}
  },
  "timestamp": 1765063271392
}